[
  {
    "span": "Sat",
    "date": "Nov 1"
  },
  {
    "span": "Sun",
    "date": "Nov 2"
  },
  {
    "span": "Mon",
    "date": "Nov 3"
  },
  {
    "span": "Tue",
    "date": "Nov 4"
  },
  {
    "span": "Wed",
    "date": "Nov 5"
  },
  {
    "span": "Thu",
    "date": "Nov 6"
  },
  {
    "span": "Fri",
    "date": "Nov 7"
  },
  {
    "span": "Sat",
    "date": "Nov 8"
  },
  {
    "span": "Sun",
    "date": "Nov 9"
  },
  {
    "span": "Mon",
    "date": "Nov 10"
  },
  {
    "span": "Tue",
    "date": "Nov 11"
  },
  {
    "span": "Wed",
    "date": "Nov 12"
  },
  {
    "span": "Thu",
    "date": "Nov 13"
  },
  {
    "span": "Fri",
    "date": "Nov 14"
  },
  {
    "span": "Sat",
    "date": "Nov 15"
  },
  {
    "span": "Sun",
    "date": "Nov 16"
  },
  {
    "span": "Mon",
    "date": "Nov 17"
  },
  {
    "span": "Tue",
    "date": "Nov 18"
  },
  {
    "span": "Wed",
    "date": "Nov 19"
  },
  {
    "span": "Thu",
    "date": "Nov 20"
  },
  {
    "span": "Fri",
    "date": "Nov 21"
  },
  {
    "span": "Sat",
    "date": "Nov 22"
  },
  {
    "span": "Sun",
    "date": "Nov 23"
  },
  {
    "span": "Mon",
    "date": "Nov 24"
  },
  {
    "span": "Tue",
    "date": "Nov 25"
  },
  {
    "span": "Wed",
    "date": "Nov 26"
  },
  {
    "span": "Thu",
    "date": "Nov 27"
  },
  {
    "span": "Fri",
    "date": "Nov 28"
  },
  {
    "span": "Sat",
    "date": "Nov 29"
  },
  {
    "span": "Sun",
    "date": "Nov 30"
  }
]